,Product ID,Quarter,Week,Date,Weekly Demand
0,21A,Q3 95,1,1995-07-01,215647601.1939021
1,21A,Q3 95,2,1995-07-08,215647601.1939021
2,21A,Q3 95,3,1995-07-15,215647601.1939021
3,21A,Q3 95,4,1995-07-22,215647601.1939021
4,21A,Q3 95,5,1995-07-29,215647601.1939021
5,21A,Q3 95,6,1995-08-05,215647601.1939021
6,21A,Q3 95,7,1995-08-12,215647601.1939021
7,21A,Q3 95,8,1995-08-19,215647601.1939021
8,21A,Q3 95,9,1995-08-26,235251928.57516593
9,21A,Q3 95,10,1995-09-02,392086547.62527657
10,21A,Q3 95,11,1995-09-09,392086547.62527657
11,21A,Q3 95,12,1995-09-16,588129821.4379148
12,21A,Q3 95,13,1995-09-23,588129821.4379148
13,21A,Q4 95,1,1995-10-01,267139977.72462004
14,21A,Q4 95,2,1995-10-08,267139977.72462004
15,21A,Q4 95,3,1995-10-15,267139977.72462004
16,21A,Q4 95,4,1995-10-22,267139977.72462004
17,21A,Q4 95,5,1995-10-29,267139977.72462004
18,21A,Q4 95,6,1995-11-05,267139977.72462004
19,21A,Q4 95,7,1995-11-12,267139977.72462004
20,21A,Q4 95,8,1995-11-19,267139977.72462004
21,21A,Q4 95,9,1995-11-26,291425430.24504
22,21A,Q4 95,10,1995-12-03,485709050.40840006
23,21A,Q4 95,11,1995-12-10,485709050.40840006
24,21A,Q4 95,12,1995-12-17,728563575.6126001
25,21A,Q4 95,13,1995-12-24,728563575.6126001
26,21A,Q1 96,1,1996-01-01,214231061.90284306
27,21A,Q1 96,2,1996-01-08,214231061.90284306
28,21A,Q1 96,3,1996-01-15,214231061.90284306
29,21A,Q1 96,4,1996-01-22,214231061.90284306
30,21A,Q1 96,5,1996-01-29,214231061.90284306
31,21A,Q1 96,6,1996-02-05,214231061.90284306
32,21A,Q1 96,7,1996-02-12,214231061.90284306
33,21A,Q1 96,8,1996-02-19,214231061.90284306
34,21A,Q1 96,9,1996-02-26,233706612.9849197
35,21A,Q1 96,10,1996-03-04,389511021.6415329
36,21A,Q1 96,11,1996-03-11,389511021.6415329
37,21A,Q1 96,12,1996-03-18,584266532.4622992
38,21A,Q1 96,13,1996-03-25,584266532.4622992
39,21A,Q2 96,1,1996-04-01,188220603.6326082
40,21A,Q2 96,2,1996-04-08,188220603.6326082
41,21A,Q2 96,3,1996-04-15,188220603.6326082
42,21A,Q2 96,4,1996-04-22,188220603.6326082
43,21A,Q2 96,5,1996-04-29,188220603.6326082
44,21A,Q2 96,6,1996-05-06,188220603.6326082
45,21A,Q2 96,7,1996-05-13,188220603.6326082
46,21A,Q2 96,8,1996-05-20,188220603.6326082
47,21A,Q2 96,9,1996-05-27,205331567.59920895
48,21A,Q2 96,10,1996-06-03,342219279.332015
49,21A,Q2 96,11,1996-06-10,342219279.332015
50,21A,Q2 96,12,1996-06-17,513328918.9980224
51,21A,Q2 96,13,1996-06-24,513328918.9980224
52,21A,Q3 96,1,1996-07-01,386544656.1977004
53,21A,Q3 96,2,1996-07-08,386544656.1977004
54,21A,Q3 96,3,1996-07-15,386544656.1977004
55,21A,Q3 96,4,1996-07-22,386544656.1977004
56,21A,Q3 96,5,1996-07-29,386544656.1977004
57,21A,Q3 96,6,1996-08-05,386544656.1977004
58,21A,Q3 96,7,1996-08-12,386544656.1977004
59,21A,Q3 96,8,1996-08-19,386544656.1977004
60,21A,Q3 96,9,1996-08-26,421685079.4884004
61,21A,Q3 96,10,1996-09-02,702808465.8140007
62,21A,Q3 96,11,1996-09-09,702808465.8140007
63,21A,Q3 96,12,1996-09-16,1054212698.721001
64,21A,Q3 96,13,1996-09-23,1054212698.721001
65,21A,Q4 96,1,1996-10-01,156747333.74300247
66,21A,Q4 96,2,1996-10-08,156747333.74300247
67,21A,Q4 96,3,1996-10-15,156747333.74300247
68,21A,Q4 96,4,1996-10-22,156747333.74300247
69,21A,Q4 96,5,1996-10-29,156747333.74300247
70,21A,Q4 96,6,1996-11-05,156747333.74300247
71,21A,Q4 96,7,1996-11-12,156747333.74300247
72,21A,Q4 96,8,1996-11-19,156747333.74300247
73,21A,Q4 96,9,1996-11-26,170997091.3560027
74,21A,Q4 96,10,1996-12-03,284995152.26000446
75,21A,Q4 96,11,1996-12-10,284995152.26000446
76,21A,Q4 96,12,1996-12-17,427492728.3900067
77,21A,Q4 96,13,1996-12-24,427492728.3900067
78,21A,Q1 97,1,1997-01-01,51948036.17033049
79,21A,Q1 97,2,1997-01-08,51948036.17033049
80,21A,Q1 97,3,1997-01-15,51948036.17033049
81,21A,Q1 97,4,1997-01-22,51948036.17033049
82,21A,Q1 97,5,1997-01-29,51948036.17033049
83,21A,Q1 97,6,1997-02-05,51948036.17033049
84,21A,Q1 97,7,1997-02-12,51948036.17033049
85,21A,Q1 97,8,1997-02-19,51948036.17033049
86,21A,Q1 97,9,1997-02-26,56670584.9130878
87,21A,Q1 97,10,1997-03-05,94450974.85514635
88,21A,Q1 97,11,1997-03-12,94450974.85514635
89,21A,Q1 97,12,1997-03-19,141676462.2827195
90,21A,Q1 97,13,1997-03-26,141676462.2827195
91,21A,Q2 97,1,1997-04-01,81713183.94972835
92,21A,Q2 97,2,1997-04-08,81713183.94972835
93,21A,Q2 97,3,1997-04-15,81713183.94972835
94,21A,Q2 97,4,1997-04-22,81713183.94972835
95,21A,Q2 97,5,1997-04-29,81713183.94972835
96,21A,Q2 97,6,1997-05-06,81713183.94972835
97,21A,Q2 97,7,1997-05-13,81713183.94972835
98,21A,Q2 97,8,1997-05-20,81713183.94972835
99,21A,Q2 97,9,1997-05-27,89141655.21788548
100,21A,Q2 97,10,1997-06-03,148569425.36314246
101,21A,Q2 97,11,1997-06-10,148569425.36314246
102,21A,Q2 97,12,1997-06-17,222854138.0447137
103,21A,Q2 97,13,1997-06-24,222854138.0447137
104,21A,Q3 97,1,1997-07-01,80890896.52609073
105,21A,Q3 97,2,1997-07-08,80890896.52609073
106,21A,Q3 97,3,1997-07-15,80890896.52609073
107,21A,Q3 97,4,1997-07-22,80890896.52609073
108,21A,Q3 97,5,1997-07-29,80890896.52609073
109,21A,Q3 97,6,1997-08-05,80890896.52609073
110,21A,Q3 97,7,1997-08-12,80890896.52609073
111,21A,Q3 97,8,1997-08-19,80890896.52609073
112,21A,Q3 97,9,1997-08-26,88244614.39209898
113,21A,Q3 97,10,1997-09-02,147074357.32016498
114,21A,Q3 97,11,1997-09-09,147074357.32016498
115,21A,Q3 97,12,1997-09-16,220611535.98024744
116,21A,Q3 97,13,1997-09-23,220611535.98024744
117,21A,Q4 97,1,1997-10-01,166226606.7168025
118,21A,Q4 97,2,1997-10-08,166226606.7168025
119,21A,Q4 97,3,1997-10-15,166226606.7168025
120,21A,Q4 97,4,1997-10-22,166226606.7168025
121,21A,Q4 97,5,1997-10-29,166226606.7168025
122,21A,Q4 97,6,1997-11-05,166226606.7168025
123,21A,Q4 97,7,1997-11-12,166226606.7168025
124,21A,Q4 97,8,1997-11-19,166226606.7168025
125,21A,Q4 97,9,1997-11-26,181338116.41832998
126,21A,Q4 97,10,1997-12-03,302230194.03055
127,21A,Q4 97,11,1997-12-10,302230194.03055
128,21A,Q4 97,12,1997-12-17,453345291.045825
129,21A,Q4 97,13,1997-12-24,453345291.045825
130,21A,Q1 98,1,1998-01-01,127276179.67286815
131,21A,Q1 98,2,1998-01-08,127276179.67286815
132,21A,Q1 98,3,1998-01-15,127276179.67286815
133,21A,Q1 98,4,1998-01-22,127276179.67286815
134,21A,Q1 98,5,1998-01-29,127276179.67286815
135,21A,Q1 98,6,1998-02-05,127276179.67286815
136,21A,Q1 98,7,1998-02-12,127276179.67286815
137,21A,Q1 98,8,1998-02-19,127276179.67286815
138,21A,Q1 98,9,1998-02-26,138846741.4613107
139,21A,Q1 98,10,1998-03-05,231411235.7688512
140,21A,Q1 98,11,1998-03-12,231411235.7688512
141,21A,Q1 98,12,1998-03-19,347116853.65327674
142,21A,Q1 98,13,1998-03-26,347116853.65327674
143,21A,Q2 98,1,1998-04-01,118327695.90705755
144,21A,Q2 98,2,1998-04-08,118327695.90705755
145,21A,Q2 98,3,1998-04-15,118327695.90705755
146,21A,Q2 98,4,1998-04-22,118327695.90705755
147,21A,Q2 98,5,1998-04-29,118327695.90705755
148,21A,Q2 98,6,1998-05-06,118327695.90705755
149,21A,Q2 98,7,1998-05-13,118327695.90705755
150,21A,Q2 98,8,1998-05-20,118327695.90705755
151,21A,Q2 98,9,1998-05-27,129084759.1713355
152,21A,Q2 98,10,1998-06-03,215141265.28555918
153,21A,Q2 98,11,1998-06-10,215141265.28555918
154,21A,Q2 98,12,1998-06-17,322711897.92833877
155,21A,Q2 98,13,1998-06-24,322711897.92833877
156,21A,Q3 98,1,1998-07-01,108004183.96816625
157,21A,Q3 98,2,1998-07-08,108004183.96816625
158,21A,Q3 98,3,1998-07-15,108004183.96816625
159,21A,Q3 98,4,1998-07-22,108004183.96816625
160,21A,Q3 98,5,1998-07-29,108004183.96816625
161,21A,Q3 98,6,1998-08-05,108004183.96816625
162,21A,Q3 98,7,1998-08-12,108004183.96816625
163,21A,Q3 98,8,1998-08-19,108004183.96816625
164,21A,Q3 98,9,1998-08-26,117822746.14709045
165,21A,Q3 98,10,1998-09-02,196371243.5784841
166,21A,Q3 98,11,1998-09-09,196371243.5784841
167,21A,Q3 98,12,1998-09-16,294556865.3677261
168,21A,Q3 98,13,1998-09-23,294556865.3677261
169,21A,Q4 98,1,1998-10-01,105654434.08144122
170,21A,Q4 98,2,1998-10-08,105654434.08144122
171,21A,Q4 98,3,1998-10-15,105654434.08144122
172,21A,Q4 98,4,1998-10-22,105654434.08144122
173,21A,Q4 98,5,1998-10-29,105654434.08144122
174,21A,Q4 98,6,1998-11-05,105654434.08144122
175,21A,Q4 98,7,1998-11-12,105654434.08144122
176,21A,Q4 98,8,1998-11-19,105654434.08144122
177,21A,Q4 98,9,1998-11-26,115259382.63429952
178,21A,Q4 98,10,1998-12-03,192098971.05716586
179,21A,Q4 98,11,1998-12-10,192098971.05716586
180,21A,Q4 98,12,1998-12-17,288148456.5857488
181,21A,Q4 98,13,1998-12-24,288148456.5857488
182,21A,Q1 99,1,1999-01-01,150934905.8306303
183,21A,Q1 99,2,1999-01-08,150934905.8306303
184,21A,Q1 99,3,1999-01-15,150934905.8306303
185,21A,Q1 99,4,1999-01-22,150934905.8306303
186,21A,Q1 99,5,1999-01-29,150934905.8306303
187,21A,Q1 99,6,1999-02-05,150934905.8306303
188,21A,Q1 99,7,1999-02-12,150934905.8306303
189,21A,Q1 99,8,1999-02-19,150934905.8306303
190,21A,Q1 99,9,1999-02-26,164656260.90614215
191,21A,Q1 99,10,1999-03-05,274427101.5102369
192,21A,Q1 99,11,1999-03-12,274427101.5102369
193,21A,Q1 99,12,1999-03-19,411640652.2653554
194,21A,Q1 99,13,1999-03-26,411640652.2653554
195,21A,Q2 99,1,1999-04-01,81272641.60110864
196,21A,Q2 99,2,1999-04-08,81272641.60110864
197,21A,Q2 99,3,1999-04-15,81272641.60110864
198,21A,Q2 99,4,1999-04-22,81272641.60110864
199,21A,Q2 99,5,1999-04-29,81272641.60110864
200,21A,Q2 99,6,1999-05-06,81272641.60110864
201,21A,Q2 99,7,1999-05-13,81272641.60110864
202,21A,Q2 99,8,1999-05-20,81272641.60110864
203,21A,Q2 99,9,1999-05-27,88661063.56484579
204,21A,Q2 99,10,1999-06-03,147768439.274743
205,21A,Q2 99,11,1999-06-10,147768439.274743
206,21A,Q2 99,12,1999-06-17,221652658.91211447
207,21A,Q2 99,13,1999-06-24,221652658.91211447
208,21A,Q3 99,1,1999-07-01,246603007.145
209,21A,Q3 99,2,1999-07-08,246603007.145
210,21A,Q3 99,3,1999-07-15,246603007.145
211,21A,Q3 99,4,1999-07-22,246603007.145
212,21A,Q3 99,5,1999-07-29,246603007.145
213,21A,Q3 99,6,1999-08-05,246603007.145
214,21A,Q3 99,7,1999-08-12,246603007.145
215,21A,Q3 99,8,1999-08-19,246603007.145
216,21A,Q3 99,9,1999-08-26,269021462.34
217,21A,Q3 99,10,1999-09-02,448369103.90000004
218,21A,Q3 99,11,1999-09-09,448369103.90000004
219,21A,Q3 99,12,1999-09-16,672553655.85
220,21A,Q3 99,13,1999-09-23,672553655.85
221,21A,Q4 99,1,1999-10-01,381857645.345
222,21A,Q4 99,2,1999-10-08,381857645.345
223,21A,Q4 99,3,1999-10-15,381857645.345
224,21A,Q4 99,4,1999-10-22,381857645.345
225,21A,Q4 99,5,1999-10-29,381857645.345
226,21A,Q4 99,6,1999-11-05,381857645.345
227,21A,Q4 99,7,1999-11-12,381857645.345
228,21A,Q4 99,8,1999-11-19,381857645.345
229,21A,Q4 99,9,1999-11-26,416571976.74
230,21A,Q4 99,10,1999-12-03,694286627.9000001
231,21A,Q4 99,11,1999-12-10,694286627.9000001
232,21A,Q4 99,12,1999-12-17,1041429941.8499999
233,21A,Q4 99,13,1999-12-24,1041429941.8499999
234,21A,Q1 00,1,2000-01-01,193262297.8
235,21A,Q1 00,2,2000-01-08,193262297.8
236,21A,Q1 00,3,2000-01-15,193262297.8
237,21A,Q1 00,4,2000-01-22,193262297.8
238,21A,Q1 00,5,2000-01-29,193262297.8
239,21A,Q1 00,6,2000-02-05,193262297.8
240,21A,Q1 00,7,2000-02-12,193262297.8
241,21A,Q1 00,8,2000-02-19,193262297.8
242,21A,Q1 00,9,2000-02-26,210831597.6
243,21A,Q1 00,10,2000-03-04,351385996.0
244,21A,Q1 00,11,2000-03-11,351385996.0
245,21A,Q1 00,12,2000-03-18,527078994.0
246,21A,Q1 00,13,2000-03-25,527078994.0
247,21A,Q2 00,1,2000-04-01,143632041.135
248,21A,Q2 00,2,2000-04-08,143632041.135
249,21A,Q2 00,3,2000-04-15,143632041.135
250,21A,Q2 00,4,2000-04-22,143632041.135
251,21A,Q2 00,5,2000-04-29,143632041.135
252,21A,Q2 00,6,2000-05-06,143632041.135
253,21A,Q2 00,7,2000-05-13,143632041.135
254,21A,Q2 00,8,2000-05-20,143632041.135
255,21A,Q2 00,9,2000-05-27,156689499.42
256,21A,Q2 00,10,2000-06-03,261149165.70000002
257,21A,Q2 00,11,2000-06-10,261149165.70000002
258,21A,Q2 00,12,2000-06-17,391723748.55
259,21A,Q2 00,13,2000-06-24,391723748.55
260,21A,Q3 00,1,2000-07-01,84722103.84
261,21A,Q3 00,2,2000-07-08,84722103.84
262,21A,Q3 00,3,2000-07-15,84722103.84
263,21A,Q3 00,4,2000-07-22,84722103.84
264,21A,Q3 00,5,2000-07-29,84722103.84
265,21A,Q3 00,6,2000-08-05,84722103.84
266,21A,Q3 00,7,2000-08-12,84722103.84
267,21A,Q3 00,8,2000-08-19,84722103.84
268,21A,Q3 00,9,2000-08-26,92424113.28
269,21A,Q3 00,10,2000-09-02,154040188.8
270,21A,Q3 00,11,2000-09-09,154040188.8
271,21A,Q3 00,12,2000-09-16,231060283.2
272,21A,Q3 00,13,2000-09-23,231060283.2
273,21A,Q4 00,1,2000-10-01,200263672.895
274,21A,Q4 00,2,2000-10-08,200263672.895
275,21A,Q4 00,3,2000-10-15,200263672.895
276,21A,Q4 00,4,2000-10-22,200263672.895
277,21A,Q4 00,5,2000-10-29,200263672.895
278,21A,Q4 00,6,2000-11-05,200263672.895
279,21A,Q4 00,7,2000-11-12,200263672.895
280,21A,Q4 00,8,2000-11-19,200263672.895
281,21A,Q4 00,9,2000-11-26,218469461.34
282,21A,Q4 00,10,2000-12-03,364115768.90000004
283,21A,Q4 00,11,2000-12-10,364115768.90000004
284,21A,Q4 00,12,2000-12-17,546173653.35
285,21A,Q4 00,13,2000-12-24,546173653.35
286,21A,Q1 01,1,2001-01-01,117138991.2
287,21A,Q1 01,2,2001-01-08,117138991.2
288,21A,Q1 01,3,2001-01-15,117138991.2
289,21A,Q1 01,4,2001-01-22,117138991.2
290,21A,Q1 01,5,2001-01-29,117138991.2
291,21A,Q1 01,6,2001-02-05,117138991.2
292,21A,Q1 01,7,2001-02-12,117138991.2
293,21A,Q1 01,8,2001-02-19,117138991.2
294,21A,Q1 01,9,2001-02-26,127787990.39999999
295,21A,Q1 01,10,2001-03-05,212979984.0
296,21A,Q1 01,11,2001-03-12,212979984.0
297,21A,Q1 01,12,2001-03-19,319469976.0
298,21A,Q1 01,13,2001-03-26,319469976.0
299,21A,Q2 01,1,2001-04-01,219952534.01
300,21A,Q2 01,2,2001-04-08,219952534.01
301,21A,Q2 01,3,2001-04-15,219952534.01
302,21A,Q2 01,4,2001-04-22,219952534.01
303,21A,Q2 01,5,2001-04-29,219952534.01
304,21A,Q2 01,6,2001-05-06,219952534.01
305,21A,Q2 01,7,2001-05-13,219952534.01
306,21A,Q2 01,8,2001-05-20,219952534.01
307,21A,Q2 01,9,2001-05-27,239948218.92
308,21A,Q2 01,10,2001-06-03,399913698.20000005
309,21A,Q2 01,11,2001-06-10,399913698.20000005
310,21A,Q2 01,12,2001-06-17,599870547.3
311,21A,Q2 01,13,2001-06-24,599870547.3
312,21A,Q3 01,1,2001-07-01,177622121.27
313,21A,Q3 01,2,2001-07-08,177622121.27
314,21A,Q3 01,3,2001-07-15,177622121.27
315,21A,Q3 01,4,2001-07-22,177622121.27
316,21A,Q3 01,5,2001-07-29,177622121.27
317,21A,Q3 01,6,2001-08-05,177622121.27
318,21A,Q3 01,7,2001-08-12,177622121.27
319,21A,Q3 01,8,2001-08-19,177622121.27
320,21A,Q3 01,9,2001-08-26,193769586.84
321,21A,Q3 01,10,2001-09-02,322949311.40000004
322,21A,Q3 01,11,2001-09-09,322949311.40000004
323,21A,Q3 01,12,2001-09-16,484423967.09999996
324,21A,Q3 01,13,2001-09-23,484423967.09999996
325,21A,Q4 01,1,2001-10-01,266268964.005
326,21A,Q4 01,2,2001-10-08,266268964.005
327,21A,Q4 01,3,2001-10-15,266268964.005
328,21A,Q4 01,4,2001-10-22,266268964.005
329,21A,Q4 01,5,2001-10-29,266268964.005
330,21A,Q4 01,6,2001-11-05,266268964.005
331,21A,Q4 01,7,2001-11-12,266268964.005
332,21A,Q4 01,8,2001-11-19,266268964.005
333,21A,Q4 01,9,2001-11-26,290475233.46
334,21A,Q4 01,10,2001-12-03,484125389.1
335,21A,Q4 01,11,2001-12-10,484125389.1
336,21A,Q4 01,12,2001-12-17,726188083.65
337,21A,Q4 01,13,2001-12-24,726188083.65
338,21A,Q1 02,1,2002-01-01,153985361.035
339,21A,Q1 02,2,2002-01-08,153985361.035
340,21A,Q1 02,3,2002-01-15,153985361.035
341,21A,Q1 02,4,2002-01-22,153985361.035
342,21A,Q1 02,5,2002-01-29,153985361.035
343,21A,Q1 02,6,2002-02-05,153985361.035
344,21A,Q1 02,7,2002-02-12,153985361.035
345,21A,Q1 02,8,2002-02-19,153985361.035
346,21A,Q1 02,9,2002-02-26,167984030.22
347,21A,Q1 02,10,2002-03-05,279973383.7
348,21A,Q1 02,11,2002-03-12,279973383.7
349,21A,Q1 02,12,2002-03-19,419960075.55
350,21A,Q1 02,13,2002-03-26,419960075.55
351,21A,Q2 02,1,2002-04-01,170975849.605
352,21A,Q2 02,2,2002-04-08,170975849.605
353,21A,Q2 02,3,2002-04-15,170975849.605
354,21A,Q2 02,4,2002-04-22,170975849.605
355,21A,Q2 02,5,2002-04-29,170975849.605
356,21A,Q2 02,6,2002-05-06,170975849.605
357,21A,Q2 02,7,2002-05-13,170975849.605
358,21A,Q2 02,8,2002-05-20,170975849.605
359,21A,Q2 02,9,2002-05-27,186519108.66
360,21A,Q2 02,10,2002-06-03,310865181.1
361,21A,Q2 02,11,2002-06-10,310865181.1
362,21A,Q2 02,12,2002-06-17,466297771.65
363,21A,Q2 02,13,2002-06-24,466297771.65
364,21A,Q3 02,1,2002-07-01,128630132.345
365,21A,Q3 02,2,2002-07-08,128630132.345
366,21A,Q3 02,3,2002-07-15,128630132.345
367,21A,Q3 02,4,2002-07-22,128630132.345
368,21A,Q3 02,5,2002-07-29,128630132.345
369,21A,Q3 02,6,2002-08-05,128630132.345
370,21A,Q3 02,7,2002-08-12,128630132.345
371,21A,Q3 02,8,2002-08-19,128630132.345
372,21A,Q3 02,9,2002-08-26,140323780.74
373,21A,Q3 02,10,2002-09-02,233872967.9
374,21A,Q3 02,11,2002-09-09,233872967.9
375,21A,Q3 02,12,2002-09-16,350809451.84999996
376,21A,Q3 02,13,2002-09-23,350809451.84999996
377,21A,Q4 02,1,2002-10-01,279915799.35
378,21A,Q4 02,2,2002-10-08,279915799.35
379,21A,Q4 02,3,2002-10-15,279915799.35
380,21A,Q4 02,4,2002-10-22,279915799.35
381,21A,Q4 02,5,2002-10-29,279915799.35
382,21A,Q4 02,6,2002-11-05,279915799.35
383,21A,Q4 02,7,2002-11-12,279915799.35
384,21A,Q4 02,8,2002-11-19,279915799.35
385,21A,Q4 02,9,2002-11-26,305362690.2
386,21A,Q4 02,10,2002-12-03,508937817.0
387,21A,Q4 02,11,2002-12-10,508937817.0
388,21A,Q4 02,12,2002-12-17,763406725.5
389,21A,Q4 02,13,2002-12-24,763406725.5
390,21A,Q1 03,1,2003-01-01,326061613.40500003
391,21A,Q1 03,2,2003-01-08,326061613.40500003
392,21A,Q1 03,3,2003-01-15,326061613.40500003
393,21A,Q1 03,4,2003-01-22,326061613.40500003
394,21A,Q1 03,5,2003-01-29,326061613.40500003
395,21A,Q1 03,6,2003-02-05,326061613.40500003
396,21A,Q1 03,7,2003-02-12,326061613.40500003
397,21A,Q1 03,8,2003-02-19,326061613.40500003
398,21A,Q1 03,9,2003-02-26,355703578.26
399,21A,Q1 03,10,2003-03-05,592839297.1
400,21A,Q1 03,11,2003-03-12,592839297.1
401,21A,Q1 03,12,2003-03-19,889258945.65
402,21A,Q1 03,13,2003-03-26,889258945.65
403,21A,Q2 03,1,2003-04-01,92958736.805
404,21A,Q2 03,2,2003-04-08,92958736.805
405,21A,Q2 03,3,2003-04-15,92958736.805
406,21A,Q2 03,4,2003-04-22,92958736.805
407,21A,Q2 03,5,2003-04-29,92958736.805
408,21A,Q2 03,6,2003-05-06,92958736.805
409,21A,Q2 03,7,2003-05-13,92958736.805
410,21A,Q2 03,8,2003-05-20,92958736.805
411,21A,Q2 03,9,2003-05-27,101409531.06
412,21A,Q2 03,10,2003-06-03,169015885.10000002
413,21A,Q2 03,11,2003-06-10,169015885.10000002
414,21A,Q2 03,12,2003-06-17,253523827.64999998
415,21A,Q2 03,13,2003-06-24,253523827.64999998
416,21A,Q3 03,1,2003-07-01,133917324.585
417,21A,Q3 03,2,2003-07-08,133917324.585
418,21A,Q3 03,3,2003-07-15,133917324.585
419,21A,Q3 03,4,2003-07-22,133917324.585
420,21A,Q3 03,5,2003-07-29,133917324.585
421,21A,Q3 03,6,2003-08-05,133917324.585
422,21A,Q3 03,7,2003-08-12,133917324.585
423,21A,Q3 03,8,2003-08-19,133917324.585
424,21A,Q3 03,9,2003-08-26,146091626.82
425,21A,Q3 03,10,2003-09-02,243486044.70000002
426,21A,Q3 03,11,2003-09-09,243486044.70000002
427,21A,Q3 03,12,2003-09-16,365229067.05
428,21A,Q3 03,13,2003-09-23,365229067.05
429,21A,Q4 03,1,2003-10-01,151319488.65
430,21A,Q4 03,2,2003-10-08,151319488.65
431,21A,Q4 03,3,2003-10-15,151319488.65
432,21A,Q4 03,4,2003-10-22,151319488.65
433,21A,Q4 03,5,2003-10-29,151319488.65
434,21A,Q4 03,6,2003-11-05,151319488.65
435,21A,Q4 03,7,2003-11-12,151319488.65
436,21A,Q4 03,8,2003-11-19,151319488.65
437,21A,Q4 03,9,2003-11-26,165075805.79999998
438,21A,Q4 03,10,2003-12-03,275126343.0
439,21A,Q4 03,11,2003-12-10,275126343.0
440,21A,Q4 03,12,2003-12-17,412689514.5
441,21A,Q4 03,13,2003-12-24,412689514.5
442,22B,Q3 95,1,1995-07-01,84757632.96
443,22B,Q3 95,2,1995-07-08,84757632.96
444,22B,Q3 95,3,1995-07-15,84757632.96
445,22B,Q3 95,4,1995-07-22,84757632.96
446,22B,Q3 95,5,1995-07-29,84757632.96
447,22B,Q3 95,6,1995-08-05,84757632.96
448,22B,Q3 95,7,1995-08-12,84757632.96
449,22B,Q3 95,8,1995-08-19,84757632.96
450,22B,Q3 95,9,1995-08-26,92462872.32
451,22B,Q3 95,10,1995-09-02,154104787.20000002
452,22B,Q3 95,11,1995-09-09,154104787.20000002
453,22B,Q3 95,12,1995-09-16,231157180.79999998
454,22B,Q3 95,13,1995-09-23,231157180.79999998
455,22B,Q4 95,1,1995-10-01,129710718.36800002
456,22B,Q4 95,2,1995-10-08,129710718.36800002
457,22B,Q4 95,3,1995-10-15,129710718.36800002
458,22B,Q4 95,4,1995-10-22,129710718.36800002
459,22B,Q4 95,5,1995-10-29,129710718.36800002
460,22B,Q4 95,6,1995-11-05,129710718.36800002
461,22B,Q4 95,7,1995-11-12,129710718.36800002
462,22B,Q4 95,8,1995-11-19,129710718.36800002
463,22B,Q4 95,9,1995-11-26,141502601.856
464,22B,Q4 95,10,1995-12-03,235837669.76000005
465,22B,Q4 95,11,1995-12-10,235837669.76000005
466,22B,Q4 95,12,1995-12-17,353756504.64000005
467,22B,Q4 95,13,1995-12-24,353756504.64000005
468,22B,Q1 96,1,1996-01-01,127205742.08649996
469,22B,Q1 96,2,1996-01-08,127205742.08649996
470,22B,Q1 96,3,1996-01-15,127205742.08649996
471,22B,Q1 96,4,1996-01-22,127205742.08649996
472,22B,Q1 96,5,1996-01-29,127205742.08649996
473,22B,Q1 96,6,1996-02-05,127205742.08649996
474,22B,Q1 96,7,1996-02-12,127205742.08649996
475,22B,Q1 96,8,1996-02-19,127205742.08649996
476,22B,Q1 96,9,1996-02-26,138769900.45799994
477,22B,Q1 96,10,1996-03-04,231283167.42999995
478,22B,Q1 96,11,1996-03-11,231283167.42999995
479,22B,Q1 96,12,1996-03-18,346924751.14499986
480,22B,Q1 96,13,1996-03-25,346924751.14499986
481,22B,Q2 96,1,1996-04-01,68302523.26566662
482,22B,Q2 96,2,1996-04-08,68302523.26566662
483,22B,Q2 96,3,1996-04-15,68302523.26566662
484,22B,Q2 96,4,1996-04-22,68302523.26566662
485,22B,Q2 96,5,1996-04-29,68302523.26566662
486,22B,Q2 96,6,1996-05-06,68302523.26566662
487,22B,Q2 96,7,1996-05-13,68302523.26566662
488,22B,Q2 96,8,1996-05-20,68302523.26566662
489,22B,Q2 96,9,1996-05-27,74511843.5625454
490,22B,Q2 96,10,1996-06-03,124186405.93757568
491,22B,Q2 96,11,1996-06-10,124186405.93757568
492,22B,Q2 96,12,1996-06-17,186279608.90636352
493,22B,Q2 96,13,1996-06-24,186279608.90636352
494,22B,Q3 96,1,1996-07-01,146305587.57427704
495,22B,Q3 96,2,1996-07-08,146305587.57427704
496,22B,Q3 96,3,1996-07-15,146305587.57427704
497,22B,Q3 96,4,1996-07-22,146305587.57427704
498,22B,Q3 96,5,1996-07-29,146305587.57427704
499,22B,Q3 96,6,1996-08-05,146305587.57427704
500,22B,Q3 96,7,1996-08-12,146305587.57427704
501,22B,Q3 96,8,1996-08-19,146305587.57427704
502,22B,Q3 96,9,1996-08-26,159606095.53557494
503,22B,Q3 96,10,1996-09-02,266010159.22595826
504,22B,Q3 96,11,1996-09-09,266010159.22595826
505,22B,Q3 96,12,1996-09-16,399015238.83893734
506,22B,Q3 96,13,1996-09-23,399015238.83893734
507,22B,Q4 96,1,1996-10-01,87387529.2980277
508,22B,Q4 96,2,1996-10-08,87387529.2980277
509,22B,Q4 96,3,1996-10-15,87387529.2980277
510,22B,Q4 96,4,1996-10-22,87387529.2980277
511,22B,Q4 96,5,1996-10-29,87387529.2980277
512,22B,Q4 96,6,1996-11-05,87387529.2980277
513,22B,Q4 96,7,1996-11-12,87387529.2980277
514,22B,Q4 96,8,1996-11-19,87387529.2980277
515,22B,Q4 96,9,1996-11-26,95331850.14330293
516,22B,Q4 96,10,1996-12-03,158886416.9055049
517,22B,Q4 96,11,1996-12-10,158886416.9055049
518,22B,Q4 96,12,1996-12-17,238329625.35825732
519,22B,Q4 96,13,1996-12-24,238329625.35825732
520,22B,Q1 97,1,1997-01-01,81389389.07205611
521,22B,Q1 97,2,1997-01-08,81389389.07205611
522,22B,Q1 97,3,1997-01-15,81389389.07205611
523,22B,Q1 97,4,1997-01-22,81389389.07205611
524,22B,Q1 97,5,1997-01-29,81389389.07205611
525,22B,Q1 97,6,1997-02-05,81389389.07205611
526,22B,Q1 97,7,1997-02-12,81389389.07205611
527,22B,Q1 97,8,1997-02-19,81389389.07205611
528,22B,Q1 97,9,1997-02-26,88788424.44224302
529,22B,Q1 97,10,1997-03-05,147980707.40373838
530,22B,Q1 97,11,1997-03-12,147980707.40373838
531,22B,Q1 97,12,1997-03-19,221971061.10560757
532,22B,Q1 97,13,1997-03-26,221971061.10560757
533,22B,Q2 97,1,1997-04-01,73301488.06382331
534,22B,Q2 97,2,1997-04-08,73301488.06382331
535,22B,Q2 97,3,1997-04-15,73301488.06382331
536,22B,Q2 97,4,1997-04-22,73301488.06382331
537,22B,Q2 97,5,1997-04-29,73301488.06382331
538,22B,Q2 97,6,1997-05-06,73301488.06382331
539,22B,Q2 97,7,1997-05-13,73301488.06382331
540,22B,Q2 97,8,1997-05-20,73301488.06382331
541,22B,Q2 97,9,1997-05-27,79965259.70598908
542,22B,Q2 97,10,1997-06-03,133275432.84331512
543,22B,Q2 97,11,1997-06-10,133275432.84331512
544,22B,Q2 97,12,1997-06-17,199913149.2649727
545,22B,Q2 97,13,1997-06-24,199913149.2649727
546,22B,Q3 97,1,1997-07-01,65109795.48730677
547,22B,Q3 97,2,1997-07-08,65109795.48730677
548,22B,Q3 97,3,1997-07-15,65109795.48730677
549,22B,Q3 97,4,1997-07-22,65109795.48730677
550,22B,Q3 97,5,1997-07-29,65109795.48730677
551,22B,Q3 97,6,1997-08-05,65109795.48730677
552,22B,Q3 97,7,1997-08-12,65109795.48730677
553,22B,Q3 97,8,1997-08-19,65109795.48730677
554,22B,Q3 97,9,1997-08-26,71028867.80433466
555,22B,Q3 97,10,1997-09-02,118381446.34055777
556,22B,Q3 97,11,1997-09-09,118381446.34055777
557,22B,Q3 97,12,1997-09-16,177572169.51083663
558,22B,Q3 97,13,1997-09-23,177572169.51083663
559,22B,Q4 97,1,1997-10-01,162598629.171709
560,22B,Q4 97,2,1997-10-08,162598629.171709
561,22B,Q4 97,3,1997-10-15,162598629.171709
562,22B,Q4 97,4,1997-10-22,162598629.171709
563,22B,Q4 97,5,1997-10-29,162598629.171709
564,22B,Q4 97,6,1997-11-05,162598629.171709
565,22B,Q4 97,7,1997-11-12,162598629.171709
566,22B,Q4 97,8,1997-11-19,162598629.171709
567,22B,Q4 97,9,1997-11-26,177380322.73277345
568,22B,Q4 97,10,1997-12-03,295633871.2212891
569,22B,Q4 97,11,1997-12-10,295633871.2212891
570,22B,Q4 97,12,1997-12-17,443450806.8319337
571,22B,Q4 97,13,1997-12-24,443450806.8319337
572,22B,Q1 98,1,1998-01-01,46766250.70108058
573,22B,Q1 98,2,1998-01-08,46766250.70108058
574,22B,Q1 98,3,1998-01-15,46766250.70108058
575,22B,Q1 98,4,1998-01-22,46766250.70108058
576,22B,Q1 98,5,1998-01-29,46766250.70108058
577,22B,Q1 98,6,1998-02-05,46766250.70108058
578,22B,Q1 98,7,1998-02-12,46766250.70108058
579,22B,Q1 98,8,1998-02-19,46766250.70108058
580,22B,Q1 98,9,1998-02-26,51017728.037542455
581,22B,Q1 98,10,1998-03-05,85029546.72923744
582,22B,Q1 98,11,1998-03-12,85029546.72923744
583,22B,Q1 98,12,1998-03-19,127544320.09385613
584,22B,Q1 98,13,1998-03-26,127544320.09385613
585,22B,Q2 98,1,1998-04-01,11974881.376982193
586,22B,Q2 98,2,1998-04-08,11974881.376982193
587,22B,Q2 98,3,1998-04-15,11974881.376982193
588,22B,Q2 98,4,1998-04-22,11974881.376982193
589,22B,Q2 98,5,1998-04-29,11974881.376982193
590,22B,Q2 98,6,1998-05-06,11974881.376982193
591,22B,Q2 98,7,1998-05-13,11974881.376982193
592,22B,Q2 98,8,1998-05-20,11974881.376982193
593,22B,Q2 98,9,1998-05-27,13063506.956707846
594,22B,Q2 98,10,1998-06-03,21772511.59451308
595,22B,Q2 98,11,1998-06-10,21772511.59451308
596,22B,Q2 98,12,1998-06-17,32658767.391769618
597,22B,Q2 98,13,1998-06-24,32658767.391769618
598,22B,Q3 98,1,1998-07-01,9447656.741551217
599,22B,Q3 98,2,1998-07-08,9447656.741551217
600,22B,Q3 98,3,1998-07-15,9447656.741551217
601,22B,Q3 98,4,1998-07-22,9447656.741551217
602,22B,Q3 98,5,1998-07-29,9447656.741551217
603,22B,Q3 98,6,1998-08-05,9447656.741551217
604,22B,Q3 98,7,1998-08-12,9447656.741551217
605,22B,Q3 98,8,1998-08-19,9447656.741551217
606,22B,Q3 98,9,1998-08-26,10306534.62714678
607,22B,Q3 98,10,1998-09-02,17177557.711911302
608,22B,Q3 98,11,1998-09-09,17177557.711911302
609,22B,Q3 98,12,1998-09-16,25766336.567866955
610,22B,Q3 98,13,1998-09-23,25766336.567866955
611,22B,Q4 98,1,1998-10-01,6637783.875004402
612,22B,Q4 98,2,1998-10-08,6637783.875004402
613,22B,Q4 98,3,1998-10-15,6637783.875004402
614,22B,Q4 98,4,1998-10-22,6637783.875004402
615,22B,Q4 98,5,1998-10-29,6637783.875004402
616,22B,Q4 98,6,1998-11-05,6637783.875004402
617,22B,Q4 98,7,1998-11-12,6637783.875004402
618,22B,Q4 98,8,1998-11-19,6637783.875004402
619,22B,Q4 98,9,1998-11-26,7241218.772732075
620,22B,Q4 98,10,1998-12-03,12068697.95455346
621,22B,Q4 98,11,1998-12-10,12068697.95455346
622,22B,Q4 98,12,1998-12-17,18103046.93183019
623,22B,Q4 98,13,1998-12-24,18103046.93183019
624,22B,Q1 99,1,1999-01-01,9482548.392863423
625,22B,Q1 99,2,1999-01-08,9482548.392863423
626,22B,Q1 99,3,1999-01-15,9482548.392863423
627,22B,Q1 99,4,1999-01-22,9482548.392863423
628,22B,Q1 99,5,1999-01-29,9482548.392863423
629,22B,Q1 99,6,1999-02-05,9482548.392863423
630,22B,Q1 99,7,1999-02-12,9482548.392863423
631,22B,Q1 99,8,1999-02-19,9482548.392863423
632,22B,Q1 99,9,1999-02-26,10344598.246760098
633,22B,Q1 99,10,1999-03-05,17240997.077933498
634,22B,Q1 99,11,1999-03-12,17240997.077933498
635,22B,Q1 99,12,1999-03-19,25861495.616900243
636,22B,Q1 99,13,1999-03-26,25861495.616900243
637,22B,Q2 99,1,1999-04-01,5105987.596157229
638,22B,Q2 99,2,1999-04-08,5105987.596157229
639,22B,Q2 99,3,1999-04-15,5105987.596157229
640,22B,Q2 99,4,1999-04-22,5105987.596157229
641,22B,Q2 99,5,1999-04-29,5105987.596157229
642,22B,Q2 99,6,1999-05-06,5105987.596157229
643,22B,Q2 99,7,1999-05-13,5105987.596157229
644,22B,Q2 99,8,1999-05-20,5105987.596157229
645,22B,Q2 99,9,1999-05-27,5570168.286716976
646,22B,Q2 99,10,1999-06-03,9283613.811194962
647,22B,Q2 99,11,1999-06-10,9283613.811194962
648,22B,Q2 99,12,1999-06-17,13925420.71679244
649,22B,Q2 99,13,1999-06-24,13925420.71679244
650,22B,Q3 99,1,1999-07-01,111647412.36
651,22B,Q3 99,2,1999-07-08,111647412.36
652,22B,Q3 99,3,1999-07-15,111647412.36
653,22B,Q3 99,4,1999-07-22,111647412.36
654,22B,Q3 99,5,1999-07-29,111647412.36
655,22B,Q3 99,6,1999-08-05,111647412.36
656,22B,Q3 99,7,1999-08-12,111647412.36
657,22B,Q3 99,8,1999-08-19,111647412.36
658,22B,Q3 99,9,1999-08-26,121797177.11999999
659,22B,Q3 99,10,1999-09-02,202995295.20000002
660,22B,Q3 99,11,1999-09-09,202995295.20000002
661,22B,Q3 99,12,1999-09-16,304492942.8
662,22B,Q3 99,13,1999-09-23,304492942.8
663,22B,Q4 99,1,1999-10-01,65907630.58
664,22B,Q4 99,2,1999-10-08,65907630.58
665,22B,Q4 99,3,1999-10-15,65907630.58
666,22B,Q4 99,4,1999-10-22,65907630.58
667,22B,Q4 99,5,1999-10-29,65907630.58
668,22B,Q4 99,6,1999-11-05,65907630.58
669,22B,Q4 99,7,1999-11-12,65907630.58
670,22B,Q4 99,8,1999-11-19,65907630.58
671,22B,Q4 99,9,1999-11-26,71899233.36
672,22B,Q4 99,10,1999-12-03,119832055.60000001
673,22B,Q4 99,11,1999-12-10,119832055.60000001
674,22B,Q4 99,12,1999-12-17,179748083.4
675,22B,Q4 99,13,1999-12-24,179748083.4
676,22B,Q1 00,1,2000-01-01,131578291.35
677,22B,Q1 00,2,2000-01-08,131578291.35
678,22B,Q1 00,3,2000-01-15,131578291.35
679,22B,Q1 00,4,2000-01-22,131578291.35
680,22B,Q1 00,5,2000-01-29,131578291.35
681,22B,Q1 00,6,2000-02-05,131578291.35
682,22B,Q1 00,7,2000-02-12,131578291.35
683,22B,Q1 00,8,2000-02-19,131578291.35
684,22B,Q1 00,9,2000-02-26,143539954.2
685,22B,Q1 00,10,2000-03-04,239233257.0
686,22B,Q1 00,11,2000-03-11,239233257.0
687,22B,Q1 00,12,2000-03-18,358849885.5
688,22B,Q1 00,13,2000-03-25,358849885.5
689,22B,Q2 00,1,2000-04-01,93509491.02
690,22B,Q2 00,2,2000-04-08,93509491.02
691,22B,Q2 00,3,2000-04-15,93509491.02
692,22B,Q2 00,4,2000-04-22,93509491.02
693,22B,Q2 00,5,2000-04-29,93509491.02
694,22B,Q2 00,6,2000-05-06,93509491.02
695,22B,Q2 00,7,2000-05-13,93509491.02
696,22B,Q2 00,8,2000-05-20,93509491.02
697,22B,Q2 00,9,2000-05-27,102010353.84
698,22B,Q2 00,10,2000-06-03,170017256.4
699,22B,Q2 00,11,2000-06-10,170017256.4
700,22B,Q2 00,12,2000-06-17,255025884.6
701,22B,Q2 00,13,2000-06-24,255025884.6
702,22B,Q3 00,1,2000-07-01,140730105.505
703,22B,Q3 00,2,2000-07-08,140730105.505
704,22B,Q3 00,3,2000-07-15,140730105.505
705,22B,Q3 00,4,2000-07-22,140730105.505
706,22B,Q3 00,5,2000-07-29,140730105.505
707,22B,Q3 00,6,2000-08-05,140730105.505
708,22B,Q3 00,7,2000-08-12,140730105.505
709,22B,Q3 00,8,2000-08-19,140730105.505
710,22B,Q3 00,9,2000-08-26,153523751.46
711,22B,Q3 00,10,2000-09-02,255872919.10000002
712,22B,Q3 00,11,2000-09-09,255872919.10000002
713,22B,Q3 00,12,2000-09-16,383809378.65
714,22B,Q3 00,13,2000-09-23,383809378.65
715,22B,Q4 00,1,2000-10-01,37398965.67
716,22B,Q4 00,2,2000-10-08,37398965.67
717,22B,Q4 00,3,2000-10-15,37398965.67
718,22B,Q4 00,4,2000-10-22,37398965.67
719,22B,Q4 00,5,2000-10-29,37398965.67
720,22B,Q4 00,6,2000-11-05,37398965.67
721,22B,Q4 00,7,2000-11-12,37398965.67
722,22B,Q4 00,8,2000-11-19,37398965.67
723,22B,Q4 00,9,2000-11-26,40798871.64
724,22B,Q4 00,10,2000-12-03,67998119.4
725,22B,Q4 00,11,2000-12-10,67998119.4
726,22B,Q4 00,12,2000-12-17,101997179.1
727,22B,Q4 00,13,2000-12-24,101997179.1
728,22B,Q1 01,1,2001-01-01,67942518.545
729,22B,Q1 01,2,2001-01-08,67942518.545
730,22B,Q1 01,3,2001-01-15,67942518.545
731,22B,Q1 01,4,2001-01-22,67942518.545
732,22B,Q1 01,5,2001-01-29,67942518.545
733,22B,Q1 01,6,2001-02-05,67942518.545
734,22B,Q1 01,7,2001-02-12,67942518.545
735,22B,Q1 01,8,2001-02-19,67942518.545
736,22B,Q1 01,9,2001-02-26,74119111.14
737,22B,Q1 01,10,2001-03-05,123531851.9
738,22B,Q1 01,11,2001-03-12,123531851.9
739,22B,Q1 01,12,2001-03-19,185297777.85
740,22B,Q1 01,13,2001-03-26,185297777.85
741,22B,Q2 01,1,2001-04-01,57859269.545
742,22B,Q2 01,2,2001-04-08,57859269.545
743,22B,Q2 01,3,2001-04-15,57859269.545
744,22B,Q2 01,4,2001-04-22,57859269.545
745,22B,Q2 01,5,2001-04-29,57859269.545
746,22B,Q2 01,6,2001-05-06,57859269.545
747,22B,Q2 01,7,2001-05-13,57859269.545
748,22B,Q2 01,8,2001-05-20,57859269.545
749,22B,Q2 01,9,2001-05-27,63119203.14
750,22B,Q2 01,10,2001-06-03,105198671.9
751,22B,Q2 01,11,2001-06-10,105198671.9
752,22B,Q2 01,12,2001-06-17,157798007.85
753,22B,Q2 01,13,2001-06-24,157798007.85
754,22B,Q3 01,1,2001-07-01,125417479.77
755,22B,Q3 01,2,2001-07-08,125417479.77
756,22B,Q3 01,3,2001-07-15,125417479.77
757,22B,Q3 01,4,2001-07-22,125417479.77
758,22B,Q3 01,5,2001-07-29,125417479.77
759,22B,Q3 01,6,2001-08-05,125417479.77
760,22B,Q3 01,7,2001-08-12,125417479.77
761,22B,Q3 01,8,2001-08-19,125417479.77
762,22B,Q3 01,9,2001-08-26,136819068.84
763,22B,Q3 01,10,2001-09-02,228031781.4
764,22B,Q3 01,11,2001-09-09,228031781.4
765,22B,Q3 01,12,2001-09-16,342047672.09999996
766,22B,Q3 01,13,2001-09-23,342047672.09999996
767,22B,Q4 01,1,2001-10-01,94388467.745
768,22B,Q4 01,2,2001-10-08,94388467.745
769,22B,Q4 01,3,2001-10-15,94388467.745
770,22B,Q4 01,4,2001-10-22,94388467.745
771,22B,Q4 01,5,2001-10-29,94388467.745
772,22B,Q4 01,6,2001-11-05,94388467.745
773,22B,Q4 01,7,2001-11-12,94388467.745
774,22B,Q4 01,8,2001-11-19,94388467.745
775,22B,Q4 01,9,2001-11-26,102969237.53999999
776,22B,Q4 01,10,2001-12-03,171615395.9
777,22B,Q4 01,11,2001-12-10,171615395.9
778,22B,Q4 01,12,2001-12-17,257423093.85
779,22B,Q4 01,13,2001-12-24,257423093.85
780,22B,Q1 02,1,2002-01-01,57395642.15
781,22B,Q1 02,2,2002-01-08,57395642.15
782,22B,Q1 02,3,2002-01-15,57395642.15
783,22B,Q1 02,4,2002-01-22,57395642.15
784,22B,Q1 02,5,2002-01-29,57395642.15
785,22B,Q1 02,6,2002-02-05,57395642.15
786,22B,Q1 02,7,2002-02-12,57395642.15
787,22B,Q1 02,8,2002-02-19,57395642.15
788,22B,Q1 02,9,2002-02-26,62613427.8
789,22B,Q1 02,10,2002-03-05,104355713.0
790,22B,Q1 02,11,2002-03-12,104355713.0
791,22B,Q1 02,12,2002-03-19,156533569.5
792,22B,Q1 02,13,2002-03-26,156533569.5
793,22B,Q2 02,1,2002-04-01,117974189.19
794,22B,Q2 02,2,2002-04-08,117974189.19
795,22B,Q2 02,3,2002-04-15,117974189.19
796,22B,Q2 02,4,2002-04-22,117974189.19
797,22B,Q2 02,5,2002-04-29,117974189.19
798,22B,Q2 02,6,2002-05-06,117974189.19
799,22B,Q2 02,7,2002-05-13,117974189.19
800,22B,Q2 02,8,2002-05-20,117974189.19
801,22B,Q2 02,9,2002-05-27,128699115.47999999
802,22B,Q2 02,10,2002-06-03,214498525.8
803,22B,Q2 02,11,2002-06-10,214498525.8
804,22B,Q2 02,12,2002-06-17,321747788.7
805,22B,Q2 02,13,2002-06-24,321747788.7
806,22B,Q3 02,1,2002-07-01,104072807.575
807,22B,Q3 02,2,2002-07-08,104072807.575
808,22B,Q3 02,3,2002-07-15,104072807.575
809,22B,Q3 02,4,2002-07-22,104072807.575
810,22B,Q3 02,5,2002-07-29,104072807.575
811,22B,Q3 02,6,2002-08-05,104072807.575
812,22B,Q3 02,7,2002-08-12,104072807.575
813,22B,Q3 02,8,2002-08-19,104072807.575
814,22B,Q3 02,9,2002-08-26,113533971.89999999
815,22B,Q3 02,10,2002-09-02,189223286.5
816,22B,Q3 02,11,2002-09-09,189223286.5
817,22B,Q3 02,12,2002-09-16,283834929.75
818,22B,Q3 02,13,2002-09-23,283834929.75
819,22B,Q4 02,1,2002-10-01,44716708.025
820,22B,Q4 02,2,2002-10-08,44716708.025
821,22B,Q4 02,3,2002-10-15,44716708.025
822,22B,Q4 02,4,2002-10-22,44716708.025
823,22B,Q4 02,5,2002-10-29,44716708.025
824,22B,Q4 02,6,2002-11-05,44716708.025
825,22B,Q4 02,7,2002-11-12,44716708.025
826,22B,Q4 02,8,2002-11-19,44716708.025
827,22B,Q4 02,9,2002-11-26,48781863.3
828,22B,Q4 02,10,2002-12-03,81303105.5
829,22B,Q4 02,11,2002-12-10,81303105.5
830,22B,Q4 02,12,2002-12-17,121954658.25
831,22B,Q4 02,13,2002-12-24,121954658.25
832,22B,Q1 03,1,2003-01-01,108012620.65
833,22B,Q1 03,2,2003-01-08,108012620.65
834,22B,Q1 03,3,2003-01-15,108012620.65
835,22B,Q1 03,4,2003-01-22,108012620.65
836,22B,Q1 03,5,2003-01-29,108012620.65
837,22B,Q1 03,6,2003-02-05,108012620.65
838,22B,Q1 03,7,2003-02-12,108012620.65
839,22B,Q1 03,8,2003-02-19,108012620.65
840,22B,Q1 03,9,2003-02-26,117831949.8
841,22B,Q1 03,10,2003-03-05,196386583.0
842,22B,Q1 03,11,2003-03-12,196386583.0
843,22B,Q1 03,12,2003-03-19,294579874.5
844,22B,Q1 03,13,2003-03-26,294579874.5
845,22B,Q2 03,1,2003-04-01,89737523.26
846,22B,Q2 03,2,2003-04-08,89737523.26
847,22B,Q2 03,3,2003-04-15,89737523.26
848,22B,Q2 03,4,2003-04-22,89737523.26
849,22B,Q2 03,5,2003-04-29,89737523.26
850,22B,Q2 03,6,2003-05-06,89737523.26
851,22B,Q2 03,7,2003-05-13,89737523.26
852,22B,Q2 03,8,2003-05-20,89737523.26
853,22B,Q2 03,9,2003-05-27,97895479.92
854,22B,Q2 03,10,2003-06-03,163159133.20000002
855,22B,Q2 03,11,2003-06-10,163159133.20000002
856,22B,Q2 03,12,2003-06-17,244738699.79999998
857,22B,Q2 03,13,2003-06-24,244738699.79999998
858,22B,Q3 03,1,2003-07-01,44200263.36
859,22B,Q3 03,2,2003-07-08,44200263.36
860,22B,Q3 03,3,2003-07-15,44200263.36
861,22B,Q3 03,4,2003-07-22,44200263.36
862,22B,Q3 03,5,2003-07-29,44200263.36
863,22B,Q3 03,6,2003-08-05,44200263.36
864,22B,Q3 03,7,2003-08-12,44200263.36
865,22B,Q3 03,8,2003-08-19,44200263.36
866,22B,Q3 03,9,2003-08-26,48218469.12
867,22B,Q3 03,10,2003-09-02,80364115.2
868,22B,Q3 03,11,2003-09-09,80364115.2
869,22B,Q3 03,12,2003-09-16,120546172.8
870,22B,Q3 03,13,2003-09-23,120546172.8
871,22B,Q4 03,1,2003-10-01,49465893.565
872,22B,Q4 03,2,2003-10-08,49465893.565
873,22B,Q4 03,3,2003-10-15,49465893.565
874,22B,Q4 03,4,2003-10-22,49465893.565
875,22B,Q4 03,5,2003-10-29,49465893.565
876,22B,Q4 03,6,2003-11-05,49465893.565
877,22B,Q4 03,7,2003-11-12,49465893.565
878,22B,Q4 03,8,2003-11-19,49465893.565
879,22B,Q4 03,9,2003-11-26,53962792.98
880,22B,Q4 03,10,2003-12-03,89937988.30000001
881,22B,Q4 03,11,2003-12-10,89937988.30000001
882,22B,Q4 03,12,2003-12-17,134906982.45
883,22B,Q4 03,13,2003-12-24,134906982.45
884,23C,Q3 95,1,1995-07-01,258802258.32490045
885,23C,Q3 95,2,1995-07-08,258802258.32490045
886,23C,Q3 95,3,1995-07-15,258802258.32490045
887,23C,Q3 95,4,1995-07-22,258802258.32490045
888,23C,Q3 95,5,1995-07-29,258802258.32490045
889,23C,Q3 95,6,1995-08-05,258802258.32490045
890,23C,Q3 95,7,1995-08-12,258802258.32490045
891,23C,Q3 95,8,1995-08-19,258802258.32490045
892,23C,Q3 95,9,1995-08-26,282329736.3544369
893,23C,Q3 95,10,1995-09-02,470549560.5907281
894,23C,Q3 95,11,1995-09-09,470549560.5907281
895,23C,Q3 95,12,1995-09-16,705824340.8860921
896,23C,Q3 95,13,1995-09-23,705824340.8860921
897,23C,Q4 95,1,1995-10-01,355739574.5016261
898,23C,Q4 95,2,1995-10-08,355739574.5016261
899,23C,Q4 95,3,1995-10-15,355739574.5016261
900,23C,Q4 95,4,1995-10-22,355739574.5016261
901,23C,Q4 95,5,1995-10-29,355739574.5016261
902,23C,Q4 95,6,1995-11-05,355739574.5016261
903,23C,Q4 95,7,1995-11-12,355739574.5016261
904,23C,Q4 95,8,1995-11-19,355739574.5016261
905,23C,Q4 95,9,1995-11-26,388079535.8199557
906,23C,Q4 95,10,1995-12-03,646799226.3665929
907,23C,Q4 95,11,1995-12-10,646799226.3665929
908,23C,Q4 95,12,1995-12-17,970198839.5498893
909,23C,Q4 95,13,1995-12-24,970198839.5498893
910,23C,Q1 96,1,1996-01-01,322689230.1314224
911,23C,Q1 96,2,1996-01-08,322689230.1314224
912,23C,Q1 96,3,1996-01-15,322689230.1314224
913,23C,Q1 96,4,1996-01-22,322689230.1314224
914,23C,Q1 96,5,1996-01-29,322689230.1314224
915,23C,Q1 96,6,1996-02-05,322689230.1314224
916,23C,Q1 96,7,1996-02-12,322689230.1314224
917,23C,Q1 96,8,1996-02-19,322689230.1314224
918,23C,Q1 96,9,1996-02-26,352024614.6888244
919,23C,Q1 96,10,1996-03-04,586707691.1480407
920,23C,Q1 96,11,1996-03-11,586707691.1480407
921,23C,Q1 96,12,1996-03-18,880061536.722061
922,23C,Q1 96,13,1996-03-25,880061536.722061
923,23C,Q2 96,1,1996-04-01,345211935.08151215
924,23C,Q2 96,2,1996-04-08,345211935.08151215
925,23C,Q2 96,3,1996-04-15,345211935.08151215
926,23C,Q2 96,4,1996-04-22,345211935.08151215
927,23C,Q2 96,5,1996-04-29,345211935.08151215
928,23C,Q2 96,6,1996-05-06,345211935.08151215
929,23C,Q2 96,7,1996-05-13,345211935.08151215
930,23C,Q2 96,8,1996-05-20,345211935.08151215
931,23C,Q2 96,9,1996-05-27,376594838.2707405
932,23C,Q2 96,10,1996-06-03,627658063.7845676
933,23C,Q2 96,11,1996-06-10,627658063.7845676
934,23C,Q2 96,12,1996-06-17,941487095.6768513
935,23C,Q2 96,13,1996-06-24,941487095.6768513
936,23C,Q3 96,1,1996-07-01,828033636.8857567
937,23C,Q3 96,2,1996-07-08,828033636.8857567
938,23C,Q3 96,3,1996-07-15,828033636.8857567
939,23C,Q3 96,4,1996-07-22,828033636.8857567
940,23C,Q3 96,5,1996-07-29,828033636.8857567
941,23C,Q3 96,6,1996-08-05,828033636.8857567
942,23C,Q3 96,7,1996-08-12,828033636.8857567
943,23C,Q3 96,8,1996-08-19,828033636.8857567
944,23C,Q3 96,9,1996-08-26,903309422.0571891
945,23C,Q3 96,10,1996-09-02,1505515703.4286487
946,23C,Q3 96,11,1996-09-09,1505515703.4286487
947,23C,Q3 96,12,1996-09-16,2258273555.142973
948,23C,Q3 96,13,1996-09-23,2258273555.142973
949,23C,Q4 96,1,1996-10-01,342415454.5206546
950,23C,Q4 96,2,1996-10-08,342415454.5206546
951,23C,Q4 96,3,1996-10-15,342415454.5206546
952,23C,Q4 96,4,1996-10-22,342415454.5206546
953,23C,Q4 96,5,1996-10-29,342415454.5206546
954,23C,Q4 96,6,1996-11-05,342415454.5206546
955,23C,Q4 96,7,1996-11-12,342415454.5206546
956,23C,Q4 96,8,1996-11-19,342415454.5206546
957,23C,Q4 96,9,1996-11-26,373544132.2043505
958,23C,Q4 96,10,1996-12-03,622573553.6739175
959,23C,Q4 96,11,1996-12-10,622573553.6739175
960,23C,Q4 96,12,1996-12-17,933860330.5108762
961,23C,Q4 96,13,1996-12-24,933860330.5108762
962,23C,Q1 97,1,1997-01-01,281491409.8472444
963,23C,Q1 97,2,1997-01-08,281491409.8472444
964,23C,Q1 97,3,1997-01-15,281491409.8472444
965,23C,Q1 97,4,1997-01-22,281491409.8472444
966,23C,Q1 97,5,1997-01-29,281491409.8472444
967,23C,Q1 97,6,1997-02-05,281491409.8472444
968,23C,Q1 97,7,1997-02-12,281491409.8472444
969,23C,Q1 97,8,1997-02-19,281491409.8472444
970,23C,Q1 97,9,1997-02-26,307081538.0151757
971,23C,Q1 97,10,1997-03-05,511802563.3586262
972,23C,Q1 97,11,1997-03-12,511802563.3586262
973,23C,Q1 97,12,1997-03-19,767703845.0379392
974,23C,Q1 97,13,1997-03-26,767703845.0379392
975,23C,Q2 97,1,1997-04-01,153406511.06497723
976,23C,Q2 97,2,1997-04-08,153406511.06497723
977,23C,Q2 97,3,1997-04-15,153406511.06497723
978,23C,Q2 97,4,1997-04-22,153406511.06497723
979,23C,Q2 97,5,1997-04-29,153406511.06497723
980,23C,Q2 97,6,1997-05-06,153406511.06497723
981,23C,Q2 97,7,1997-05-13,153406511.06497723
982,23C,Q2 97,8,1997-05-20,153406511.06497723
983,23C,Q2 97,9,1997-05-27,167352557.5254297
984,23C,Q2 97,10,1997-06-03,278920929.2090495
985,23C,Q2 97,11,1997-06-10,278920929.2090495
986,23C,Q2 97,12,1997-06-17,418381393.81357425
987,23C,Q2 97,13,1997-06-24,418381393.81357425
988,23C,Q3 97,1,1997-07-01,116430182.61576092
989,23C,Q3 97,2,1997-07-08,116430182.61576092
990,23C,Q3 97,3,1997-07-15,116430182.61576092
991,23C,Q3 97,4,1997-07-22,116430182.61576092
992,23C,Q3 97,5,1997-07-29,116430182.61576092
993,23C,Q3 97,6,1997-08-05,116430182.61576092
994,23C,Q3 97,7,1997-08-12,116430182.61576092
995,23C,Q3 97,8,1997-08-19,116430182.61576092
996,23C,Q3 97,9,1997-08-26,127014744.67173919
997,23C,Q3 97,10,1997-09-02,211691241.11956534
998,23C,Q3 97,11,1997-09-09,211691241.11956534
999,23C,Q3 97,12,1997-09-16,317536861.679348
1000,23C,Q3 97,13,1997-09-23,317536861.679348
1001,23C,Q4 97,1,1997-10-01,271713175.3291346
1002,23C,Q4 97,2,1997-10-08,271713175.3291346
1003,23C,Q4 97,3,1997-10-15,271713175.3291346
1004,23C,Q4 97,4,1997-10-22,271713175.3291346
1005,23C,Q4 97,5,1997-10-29,271713175.3291346
1006,23C,Q4 97,6,1997-11-05,271713175.3291346
1007,23C,Q4 97,7,1997-11-12,271713175.3291346
1008,23C,Q4 97,8,1997-11-19,271713175.3291346
1009,23C,Q4 97,9,1997-11-26,296414373.0863286
1010,23C,Q4 97,10,1997-12-03,494023955.1438811
1011,23C,Q4 97,11,1997-12-10,494023955.1438811
1012,23C,Q4 97,12,1997-12-17,741035932.7158215
1013,23C,Q4 97,13,1997-12-24,741035932.7158215
1014,23C,Q1 98,1,1998-01-01,82331047.49448982
1015,23C,Q1 98,2,1998-01-08,82331047.49448982
1016,23C,Q1 98,3,1998-01-15,82331047.49448982
1017,23C,Q1 98,4,1998-01-22,82331047.49448982
1018,23C,Q1 98,5,1998-01-29,82331047.49448982
1019,23C,Q1 98,6,1998-02-05,82331047.49448982
1020,23C,Q1 98,7,1998-02-12,82331047.49448982
1021,23C,Q1 98,8,1998-02-19,82331047.49448982
1022,23C,Q1 98,9,1998-02-26,89815688.17580707
1023,23C,Q1 98,10,1998-03-05,149692813.62634513
1024,23C,Q1 98,11,1998-03-12,149692813.62634513
1025,23C,Q1 98,12,1998-03-19,224539220.4395177
1026,23C,Q1 98,13,1998-03-26,224539220.4395177
1027,23C,Q2 98,1,1998-04-01,81214538.62066232
1028,23C,Q2 98,2,1998-04-08,81214538.62066232
1029,23C,Q2 98,3,1998-04-15,81214538.62066232
1030,23C,Q2 98,4,1998-04-22,81214538.62066232
1031,23C,Q2 98,5,1998-04-29,81214538.62066232
1032,23C,Q2 98,6,1998-05-06,81214538.62066232
1033,23C,Q2 98,7,1998-05-13,81214538.62066232
1034,23C,Q2 98,8,1998-05-20,81214538.62066232
1035,23C,Q2 98,9,1998-05-27,88597678.49526797
1036,23C,Q2 98,10,1998-06-03,147662797.49211332
1037,23C,Q2 98,11,1998-06-10,147662797.49211332
1038,23C,Q2 98,12,1998-06-17,221494196.23816994
1039,23C,Q2 98,13,1998-06-24,221494196.23816994
1040,23C,Q3 98,1,1998-07-01,83514099.96832006
1041,23C,Q3 98,2,1998-07-08,83514099.96832006
1042,23C,Q3 98,3,1998-07-15,83514099.96832006
1043,23C,Q3 98,4,1998-07-22,83514099.96832006
1044,23C,Q3 98,5,1998-07-29,83514099.96832006
1045,23C,Q3 98,6,1998-08-05,83514099.96832006
1046,23C,Q3 98,7,1998-08-12,83514099.96832006
1047,23C,Q3 98,8,1998-08-19,83514099.96832006
1048,23C,Q3 98,9,1998-08-26,91106290.87453097
1049,23C,Q3 98,10,1998-09-02,151843818.1242183
1050,23C,Q3 98,11,1998-09-09,151843818.1242183
1051,23C,Q3 98,12,1998-09-16,227765727.18632743
1052,23C,Q3 98,13,1998-09-23,227765727.18632743
1053,23C,Q4 98,1,1998-10-01,62360211.17488502
1054,23C,Q4 98,2,1998-10-08,62360211.17488502
1055,23C,Q4 98,3,1998-10-15,62360211.17488502
1056,23C,Q4 98,4,1998-10-22,62360211.17488502
1057,23C,Q4 98,5,1998-10-29,62360211.17488502
1058,23C,Q4 98,6,1998-11-05,62360211.17488502
1059,23C,Q4 98,7,1998-11-12,62360211.17488502
1060,23C,Q4 98,8,1998-11-19,62360211.17488502
1061,23C,Q4 98,9,1998-11-26,68029321.28169274
1062,23C,Q4 98,10,1998-12-03,113382202.13615459
1063,23C,Q4 98,11,1998-12-10,113382202.13615459
1064,23C,Q4 98,12,1998-12-17,170073303.20423186
1065,23C,Q4 98,13,1998-12-24,170073303.20423186
1066,23C,Q1 99,1,1999-01-01,80967262.68412146
1067,23C,Q1 99,2,1999-01-08,80967262.68412146
1068,23C,Q1 99,3,1999-01-15,80967262.68412146
1069,23C,Q1 99,4,1999-01-22,80967262.68412146
1070,23C,Q1 99,5,1999-01-29,80967262.68412146
1071,23C,Q1 99,6,1999-02-05,80967262.68412146
1072,23C,Q1 99,7,1999-02-12,80967262.68412146
1073,23C,Q1 99,8,1999-02-19,80967262.68412146
1074,23C,Q1 99,9,1999-02-26,88327922.9281325
1075,23C,Q1 99,10,1999-03-05,147213204.88022086
1076,23C,Q1 99,11,1999-03-12,147213204.88022086
1077,23C,Q1 99,12,1999-03-19,220819807.32033125
1078,23C,Q1 99,13,1999-03-26,220819807.32033125
1079,23C,Q2 99,1,1999-04-01,43597756.82991156
1080,23C,Q2 99,2,1999-04-08,43597756.82991156
1081,23C,Q2 99,3,1999-04-15,43597756.82991156
1082,23C,Q2 99,4,1999-04-22,43597756.82991156
1083,23C,Q2 99,5,1999-04-29,43597756.82991156
1084,23C,Q2 99,6,1999-05-06,43597756.82991156
1085,23C,Q2 99,7,1999-05-13,43597756.82991156
1086,23C,Q2 99,8,1999-05-20,43597756.82991156
1087,23C,Q2 99,9,1999-05-27,47561189.26899443
1088,23C,Q2 99,10,1999-06-03,79268648.78165738
1089,23C,Q2 99,11,1999-06-10,79268648.78165738
1090,23C,Q2 99,12,1999-06-17,118902973.17248608
1091,23C,Q2 99,13,1999-06-24,118902973.17248608
1092,23C,Q3 99,1,1999-07-01,499526790.95
1093,23C,Q3 99,2,1999-07-08,499526790.95
1094,23C,Q3 99,3,1999-07-15,499526790.95
1095,23C,Q3 99,4,1999-07-22,499526790.95
1096,23C,Q3 99,5,1999-07-29,499526790.95
1097,23C,Q3 99,6,1999-08-05,499526790.95
1098,23C,Q3 99,7,1999-08-12,499526790.95
1099,23C,Q3 99,8,1999-08-19,499526790.95
1100,23C,Q3 99,9,1999-08-26,544938317.4
1101,23C,Q3 99,10,1999-09-02,908230529.0
1102,23C,Q3 99,11,1999-09-09,908230529.0
1103,23C,Q3 99,12,1999-09-16,1362345793.5
1104,23C,Q3 99,13,1999-09-23,1362345793.5
1105,23C,Q4 99,1,1999-10-01,262700495.86
1106,23C,Q4 99,2,1999-10-08,262700495.86
1107,23C,Q4 99,3,1999-10-15,262700495.86
1108,23C,Q4 99,4,1999-10-22,262700495.86
1109,23C,Q4 99,5,1999-10-29,262700495.86
1110,23C,Q4 99,6,1999-11-05,262700495.86
1111,23C,Q4 99,7,1999-11-12,262700495.86
1112,23C,Q4 99,8,1999-11-19,262700495.86
1113,23C,Q4 99,9,1999-11-26,286582359.12
1114,23C,Q4 99,10,1999-12-03,477637265.20000005
1115,23C,Q4 99,11,1999-12-10,477637265.20000005
1116,23C,Q4 99,12,1999-12-17,716455897.8
1117,23C,Q4 99,13,1999-12-24,716455897.8
1118,23C,Q1 00,1,2000-01-01,475462702.055
1119,23C,Q1 00,2,2000-01-08,475462702.055
1120,23C,Q1 00,3,2000-01-15,475462702.055
1121,23C,Q1 00,4,2000-01-22,475462702.055
1122,23C,Q1 00,5,2000-01-29,475462702.055
1123,23C,Q1 00,6,2000-02-05,475462702.055
1124,23C,Q1 00,7,2000-02-12,475462702.055
1125,23C,Q1 00,8,2000-02-19,475462702.055
1126,23C,Q1 00,9,2000-02-26,518686584.06
1127,23C,Q1 00,10,2000-03-04,864477640.1
1128,23C,Q1 00,11,2000-03-11,864477640.1
1129,23C,Q1 00,12,2000-03-18,1296716460.1499999
1130,23C,Q1 00,13,2000-03-25,1296716460.1499999
1131,23C,Q2 00,1,2000-04-01,729248869.415
1132,23C,Q2 00,2,2000-04-08,729248869.415
1133,23C,Q2 00,3,2000-04-15,729248869.415
1134,23C,Q2 00,4,2000-04-22,729248869.415
1135,23C,Q2 00,5,2000-04-29,729248869.415
1136,23C,Q2 00,6,2000-05-06,729248869.415
1137,23C,Q2 00,7,2000-05-13,729248869.415
1138,23C,Q2 00,8,2000-05-20,729248869.415
1139,23C,Q2 00,9,2000-05-27,795544221.18
1140,23C,Q2 00,10,2000-06-03,1325907035.3000002
1141,23C,Q2 00,11,2000-06-10,1325907035.3000002
1142,23C,Q2 00,12,2000-06-17,1988860552.9499998
1143,23C,Q2 00,13,2000-06-24,1988860552.9499998
1144,23C,Q3 00,1,2000-07-01,805033127.69
1145,23C,Q3 00,2,2000-07-08,805033127.69
1146,23C,Q3 00,3,2000-07-15,805033127.69
1147,23C,Q3 00,4,2000-07-22,805033127.69
1148,23C,Q3 00,5,2000-07-29,805033127.69
1149,23C,Q3 00,6,2000-08-05,805033127.69
1150,23C,Q3 00,7,2000-08-12,805033127.69
1151,23C,Q3 00,8,2000-08-19,805033127.69
1152,23C,Q3 00,9,2000-08-26,878217957.48
1153,23C,Q3 00,10,2000-09-02,1463696595.8000002
1154,23C,Q3 00,11,2000-09-09,1463696595.8000002
1155,23C,Q3 00,12,2000-09-16,2195544893.7
1156,23C,Q3 00,13,2000-09-23,2195544893.7
1157,23C,Q4 00,1,2000-10-01,275500340.225
1158,23C,Q4 00,2,2000-10-08,275500340.225
1159,23C,Q4 00,3,2000-10-15,275500340.225
1160,23C,Q4 00,4,2000-10-22,275500340.225
1161,23C,Q4 00,5,2000-10-29,275500340.225
1162,23C,Q4 00,6,2000-11-05,275500340.225
1163,23C,Q4 00,7,2000-11-12,275500340.225
1164,23C,Q4 00,8,2000-11-19,275500340.225
1165,23C,Q4 00,9,2000-11-26,300545825.7
1166,23C,Q4 00,10,2000-12-03,500909709.5
1167,23C,Q4 00,11,2000-12-10,500909709.5
1168,23C,Q4 00,12,2000-12-17,751364564.25
1169,23C,Q4 00,13,2000-12-24,751364564.25
1170,23C,Q1 01,1,2001-01-01,169216140.995
1171,23C,Q1 01,2,2001-01-08,169216140.995
1172,23C,Q1 01,3,2001-01-15,169216140.995
1173,23C,Q1 01,4,2001-01-22,169216140.995
1174,23C,Q1 01,5,2001-01-29,169216140.995
1175,23C,Q1 01,6,2001-02-05,169216140.995
1176,23C,Q1 01,7,2001-02-12,169216140.995
1177,23C,Q1 01,8,2001-02-19,169216140.995
1178,23C,Q1 01,9,2001-02-26,184599426.54
1179,23C,Q1 01,10,2001-03-05,307665710.90000004
1180,23C,Q1 01,11,2001-03-12,307665710.90000004
1181,23C,Q1 01,12,2001-03-19,461498566.34999996
1182,23C,Q1 01,13,2001-03-26,461498566.34999996
1183,23C,Q2 01,1,2001-04-01,348525972.90500003
1184,23C,Q2 01,2,2001-04-08,348525972.90500003
1185,23C,Q2 01,3,2001-04-15,348525972.90500003
1186,23C,Q2 01,4,2001-04-22,348525972.90500003
1187,23C,Q2 01,5,2001-04-29,348525972.90500003
1188,23C,Q2 01,6,2001-05-06,348525972.90500003
1189,23C,Q2 01,7,2001-05-13,348525972.90500003
1190,23C,Q2 01,8,2001-05-20,348525972.90500003
1191,23C,Q2 01,9,2001-05-27,380210152.26
1192,23C,Q2 01,10,2001-06-03,633683587.1
1193,23C,Q2 01,11,2001-06-10,633683587.1
1194,23C,Q2 01,12,2001-06-17,950525380.65
1195,23C,Q2 01,13,2001-06-24,950525380.65
1196,23C,Q3 01,1,2001-07-01,267808295.095
1197,23C,Q3 01,2,2001-07-08,267808295.095
1198,23C,Q3 01,3,2001-07-15,267808295.095
1199,23C,Q3 01,4,2001-07-22,267808295.095
1200,23C,Q3 01,5,2001-07-29,267808295.095
1201,23C,Q3 01,6,2001-08-05,267808295.095
1202,23C,Q3 01,7,2001-08-12,267808295.095
1203,23C,Q3 01,8,2001-08-19,267808295.095
1204,23C,Q3 01,9,2001-08-26,292154503.74
1205,23C,Q3 01,10,2001-09-02,486924172.90000004
1206,23C,Q3 01,11,2001-09-09,486924172.90000004
1207,23C,Q3 01,12,2001-09-16,730386259.35
1208,23C,Q3 01,13,2001-09-23,730386259.35
1209,23C,Q4 01,1,2001-10-01,130150919.25
1210,23C,Q4 01,2,2001-10-08,130150919.25
1211,23C,Q4 01,3,2001-10-15,130150919.25
1212,23C,Q4 01,4,2001-10-22,130150919.25
1213,23C,Q4 01,5,2001-10-29,130150919.25
1214,23C,Q4 01,6,2001-11-05,130150919.25
1215,23C,Q4 01,7,2001-11-12,130150919.25
1216,23C,Q4 01,8,2001-11-19,130150919.25
1217,23C,Q4 01,9,2001-11-26,141982821.0
1218,23C,Q4 01,10,2001-12-03,236638035.0
1219,23C,Q4 01,11,2001-12-10,236638035.0
1220,23C,Q4 01,12,2001-12-17,354957052.5
1221,23C,Q4 01,13,2001-12-24,354957052.5
1222,23C,Q1 02,1,2002-01-01,488736453.975
1223,23C,Q1 02,2,2002-01-08,488736453.975
1224,23C,Q1 02,3,2002-01-15,488736453.975
1225,23C,Q1 02,4,2002-01-22,488736453.975
1226,23C,Q1 02,5,2002-01-29,488736453.975
1227,23C,Q1 02,6,2002-02-05,488736453.975
1228,23C,Q1 02,7,2002-02-12,488736453.975
1229,23C,Q1 02,8,2002-02-19,488736453.975
1230,23C,Q1 02,9,2002-02-26,533167040.7
1231,23C,Q1 02,10,2002-03-05,888611734.5
1232,23C,Q1 02,11,2002-03-12,888611734.5
1233,23C,Q1 02,12,2002-03-19,1332917601.75
1234,23C,Q1 02,13,2002-03-26,1332917601.75
1235,23C,Q2 02,1,2002-04-01,602830866.88
1236,23C,Q2 02,2,2002-04-08,602830866.88
1237,23C,Q2 02,3,2002-04-15,602830866.88
1238,23C,Q2 02,4,2002-04-22,602830866.88
1239,23C,Q2 02,5,2002-04-29,602830866.88
1240,23C,Q2 02,6,2002-05-06,602830866.88
1241,23C,Q2 02,7,2002-05-13,602830866.88
1242,23C,Q2 02,8,2002-05-20,602830866.88
1243,23C,Q2 02,9,2002-05-27,657633672.9599999
1244,23C,Q2 02,10,2002-06-03,1096056121.6000001
1245,23C,Q2 02,11,2002-06-10,1096056121.6000001
1246,23C,Q2 02,12,2002-06-17,1644084182.3999999
1247,23C,Q2 02,13,2002-06-24,1644084182.3999999
1248,23C,Q3 02,1,2002-07-01,525430032.05
1249,23C,Q3 02,2,2002-07-08,525430032.05
1250,23C,Q3 02,3,2002-07-15,525430032.05
1251,23C,Q3 02,4,2002-07-22,525430032.05
1252,23C,Q3 02,5,2002-07-29,525430032.05
1253,23C,Q3 02,6,2002-08-05,525430032.05
1254,23C,Q3 02,7,2002-08-12,525430032.05
1255,23C,Q3 02,8,2002-08-19,525430032.05
1256,23C,Q3 02,9,2002-08-26,573196398.6
1257,23C,Q3 02,10,2002-09-02,955327331.0
1258,23C,Q3 02,11,2002-09-09,955327331.0
1259,23C,Q3 02,12,2002-09-16,1432990996.5
1260,23C,Q3 02,13,2002-09-23,1432990996.5
1261,23C,Q4 02,1,2002-10-01,627909860.875
1262,23C,Q4 02,2,2002-10-08,627909860.875
1263,23C,Q4 02,3,2002-10-15,627909860.875
1264,23C,Q4 02,4,2002-10-22,627909860.875
1265,23C,Q4 02,5,2002-10-29,627909860.875
1266,23C,Q4 02,6,2002-11-05,627909860.875
1267,23C,Q4 02,7,2002-11-12,627909860.875
1268,23C,Q4 02,8,2002-11-19,627909860.875
1269,23C,Q4 02,9,2002-11-26,684992575.5
1270,23C,Q4 02,10,2002-12-03,1141654292.5
1271,23C,Q4 02,11,2002-12-10,1141654292.5
1272,23C,Q4 02,12,2002-12-17,1712481438.75
1273,23C,Q4 02,13,2002-12-24,1712481438.75
1274,23C,Q1 03,1,2003-01-01,620860591.45
1275,23C,Q1 03,2,2003-01-08,620860591.45
1276,23C,Q1 03,3,2003-01-15,620860591.45
1277,23C,Q1 03,4,2003-01-22,620860591.45
1278,23C,Q1 03,5,2003-01-29,620860591.45
1279,23C,Q1 03,6,2003-02-05,620860591.45
1280,23C,Q1 03,7,2003-02-12,620860591.45
1281,23C,Q1 03,8,2003-02-19,620860591.45
1282,23C,Q1 03,9,2003-02-26,677302463.4
1283,23C,Q1 03,10,2003-03-05,1128837439.0
1284,23C,Q1 03,11,2003-03-12,1128837439.0
1285,23C,Q1 03,12,2003-03-19,1693256158.5
1286,23C,Q1 03,13,2003-03-26,1693256158.5
1287,23C,Q2 03,1,2003-04-01,205517272.62
1288,23C,Q2 03,2,2003-04-08,205517272.62
1289,23C,Q2 03,3,2003-04-15,205517272.62
1290,23C,Q2 03,4,2003-04-22,205517272.62
1291,23C,Q2 03,5,2003-04-29,205517272.62
1292,23C,Q2 03,6,2003-05-06,205517272.62
1293,23C,Q2 03,7,2003-05-13,205517272.62
1294,23C,Q2 03,8,2003-05-20,205517272.62
1295,23C,Q2 03,9,2003-05-27,224200661.04
1296,23C,Q2 03,10,2003-06-03,373667768.40000004
1297,23C,Q2 03,11,2003-06-10,373667768.40000004
1298,23C,Q2 03,12,2003-06-17,560501652.6
1299,23C,Q2 03,13,2003-06-24,560501652.6
1300,23C,Q3 03,1,2003-07-01,238233225.34
1301,23C,Q3 03,2,2003-07-08,238233225.34
1302,23C,Q3 03,3,2003-07-15,238233225.34
1303,23C,Q3 03,4,2003-07-22,238233225.34
1304,23C,Q3 03,5,2003-07-29,238233225.34
1305,23C,Q3 03,6,2003-08-05,238233225.34
1306,23C,Q3 03,7,2003-08-12,238233225.34
1307,23C,Q3 03,8,2003-08-19,238233225.34
1308,23C,Q3 03,9,2003-08-26,259890791.28
1309,23C,Q3 03,10,2003-09-02,433151318.8
1310,23C,Q3 03,11,2003-09-09,433151318.8
1311,23C,Q3 03,12,2003-09-16,649726978.1999999
1312,23C,Q3 03,13,2003-09-23,649726978.1999999
1313,23C,Q4 03,1,2003-10-01,201840130.8
1314,23C,Q4 03,2,2003-10-08,201840130.8
1315,23C,Q4 03,3,2003-10-15,201840130.8
1316,23C,Q4 03,4,2003-10-22,201840130.8
1317,23C,Q4 03,5,2003-10-29,201840130.8
1318,23C,Q4 03,6,2003-11-05,201840130.8
1319,23C,Q4 03,7,2003-11-12,201840130.8
1320,23C,Q4 03,8,2003-11-19,201840130.8
1321,23C,Q4 03,9,2003-11-26,220189233.6
1322,23C,Q4 03,10,2003-12-03,366982056.0
1323,23C,Q4 03,11,2003-12-10,366982056.0
1324,23C,Q4 03,12,2003-12-17,550473084.0
1325,23C,Q4 03,13,2003-12-24,550473084.0
